{
  "n": 1786,
  "acc": 0.33874580067189247,
  "macro_f1": 0.45776813448299936,
  "qwk": 0.24683415153630273,
  "macro_auc": 0.6858289808861349,
  "acc_95CI": [
    0.3169092945128779,
    0.35890257558790595
  ],
  "qwk_95CI": [
    0.22209074502515386,
    0.2686022988761311
  ],
  "confusion": [
    [
      25,
      45,
      1,
      5
    ],
    [
      45,
      93,
      0,
      9
    ],
    [
      1023,
      0,
      159,
      49
    ],
    [
      3,
      0,
      1,
      328
    ]
  ],
  "classification_report": {
    "CNV": {
      "precision": 0.02281021897810219,
      "recall": 0.32894736842105265,
      "f1-score": 0.042662116040955635,
      "support": 76.0
    },
    "DME": {
      "precision": 0.6739130434782609,
      "recall": 0.6326530612244898,
      "f1-score": 0.6526315789473685,
      "support": 147.0
    },
    "DRUSEN": {
      "precision": 0.9875776397515528,
      "recall": 0.12916328188464662,
      "f1-score": 0.22844827586206898,
      "support": 1231.0
    },
    "NORMAL": {
      "precision": 0.8388746803069054,
      "recall": 0.9879518072289156,
      "f1-score": 0.9073305670816044,
      "support": 332.0
    },
    "accuracy": 0.33874580067189247,
    "macro avg": {
      "precision": 0.6307938956287054,
      "recall": 0.5196788796897762,
      "f1-score": 0.45776813448299936,
      "support": 1786.0
    },
    "weighted avg": {
      "precision": 0.8930645366347671,
      "recall": 0.33874580067189247,
      "f1-score": 0.38165326919466713,
      "support": 1786.0
    }
  },
  "label_dist": [
    76,
    147,
    1231,
    332
  ],
  "pred_dist": [
    1096,
    138,
    161,
    391
  ]
}