{
  "n": 260,
  "acc": 0.6846153846153846,
  "macro_f1": 0.5382705093231409,
  "qwk": 0.7824739712444224,
  "macro_auc": 0.8105174925769673,
  "acc_95CI": [
    0.6269230769230769,
    0.7423076923076923
  ],
  "qwk_95CI": [
    0.7278928905901503,
    0.8302911142844277
  ],
  "confusion": [
    [
      8,
      47,
      0,
      1
    ],
    [
      9,
      48,
      0,
      2
    ],
    [
      22,
      0,
      7,
      1
    ],
    [
      0,
      0,
      0,
      115
    ]
  ],
  "classification_report": {
    "CNV": {
      "precision": 0.20512820512820512,
      "recall": 0.14285714285714285,
      "f1-score": 0.16842105263157894,
      "support": 56.0
    },
    "DME": {
      "precision": 0.5052631578947369,
      "recall": 0.8135593220338984,
      "f1-score": 0.6233766233766234,
      "support": 59.0
    },
    "DRUSEN": {
      "precision": 1.0,
      "recall": 0.23333333333333334,
      "f1-score": 0.3783783783783784,
      "support": 30.0
    },
    "NORMAL": {
      "precision": 0.9663865546218487,
      "recall": 1.0,
      "f1-score": 0.9829059829059829,
      "support": 115.0
    },
    "accuracy": 0.6846153846153846,
    "macro avg": {
      "precision": 0.6691944794111977,
      "recall": 0.5474374495560936,
      "f1-score": 0.5382705093231409,
      "support": 260.0
    },
    "weighted avg": {
      "precision": 0.701662152248006,
      "recall": 0.6846153846153846,
      "f1-score": 0.6561397658158792,
      "support": 260.0
    }
  },
  "label_dist": [
    56,
    59,
    30,
    115
  ],
  "pred_dist": [
    39,
    95,
    7,
    119
  ]
}