{
  "n": 1000,
  "acc": 0.879,
  "macro_f1": 0.8744554799663328,
  "qwk": 0.8543653705062362,
  "macro_auc": 0.9954053333333335,
  "acc_95CI": [
    0.858,
    0.900025
  ],
  "macro_f1_95CI": [
    0.8534703465743267,
    0.8938707136233397
  ],
  "qwk_95CI": [
    0.8267221926416509,
    0.880280456378551
  ],
  "confusion": [
    [
      250,
      0,
      0,
      0
    ],
    [
      14,
      236,
      0,
      0
    ],
    [
      89,
      0,
      147,
      14
    ],
    [
      0,
      3,
      1,
      246
    ]
  ],
  "classification_report": {
    "CNV": {
      "precision": 0.7082152974504249,
      "recall": 1.0,
      "f1-score": 0.8291873963515755,
      "support": 250.0
    },
    "DME": {
      "precision": 0.9874476987447699,
      "recall": 0.944,
      "f1-score": 0.9652351738241309,
      "support": 250.0
    },
    "DRUSEN": {
      "precision": 0.9932432432432432,
      "recall": 0.588,
      "f1-score": 0.7386934673366834,
      "support": 250.0
    },
    "NORMAL": {
      "precision": 0.9461538461538461,
      "recall": 0.984,
      "f1-score": 0.9647058823529412,
      "support": 250.0
    },
    "accuracy": 0.879,
    "macro avg": {
      "precision": 0.9087650213980711,
      "recall": 0.879,
      "f1-score": 0.8744554799663328,
      "support": 1000.0
    },
    "weighted avg": {
      "precision": 0.9087650213980711,
      "recall": 0.879,
      "f1-score": 0.8744554799663329,
      "support": 1000.0
    }
  },
  "label_dist": [
    250,
    250,
    250,
    250
  ],
  "pred_dist": [
    353,
    239,
    148,
    260
  ]
}