{
  "n_id": 1000,
  "n_ood": 260,
  "auroc_msp_ood": 0.49151923076923076,
  "auroc_entropy_ood": 0.4812153846153846,
  "tpr_at_95tnr_msp": 0.023076923076923078,
  "tpr_at_95tnr_entropy": 0.015384615384615385,
  "id_msp_mean": 0.8652740120887756,
  "id_msp_std": 0.14132940769195557,
  "ood_msp_mean": 0.8847998976707458,
  "ood_msp_std": 0.1161145493388176,
  "id_entropy_mean": 0.3574265241622925,
  "id_entropy_std": 0.2435254007577896,
  "ood_entropy_mean": 0.3281002342700958,
  "ood_entropy_std": 0.2038685530424118
}