{
  "n": 260,
  "acc": 0.7153846153846154,
  "macro_f1": 0.5614124928976414,
  "qwk": 0.7977123918842455,
  "macro_auc": 0.8201254391483561,
  "acc_95CI": [
    0.6576923076923077,
    0.7730769230769231
  ],
  "qwk_95CI": [
    0.7402887607784747,
    0.8467617768259953
  ],
  "confusion": [
    [
      15,
      40,
      0,
      1
    ],
    [
      7,
      51,
      0,
      1
    ],
    [
      23,
      0,
      5,
      2
    ],
    [
      0,
      0,
      0,
      115
    ]
  ],
  "classification_report": {
    "CNV": {
      "precision": 0.3333333333333333,
      "recall": 0.26785714285714285,
      "f1-score": 0.297029702970297,
      "support": 56.0
    },
    "DME": {
      "precision": 0.5604395604395604,
      "recall": 0.864406779661017,
      "f1-score": 0.68,
      "support": 59.0
    },
    "DRUSEN": {
      "precision": 1.0,
      "recall": 0.16666666666666666,
      "f1-score": 0.2857142857142857,
      "support": 30.0
    },
    "NORMAL": {
      "precision": 0.9663865546218487,
      "recall": 1.0,
      "f1-score": 0.9829059829059829,
      "support": 115.0
    },
    "accuracy": 0.7153846153846154,
    "macro avg": {
      "precision": 0.7150398620986856,
      "recall": 0.5747326472962067,
      "f1-score": 0.5614124928976414,
      "support": 260.0
    },
    "weighted avg": {
      "precision": 0.7417963635158206,
      "recall": 0.7153846153846154,
      "f1-score": 0.6859972306613586,
      "support": 260.0
    }
  },
  "label_dist": [
    56,
    59,
    30,
    115
  ],
  "pred_dist": [
    45,
    91,
    5,
    119
  ]
}