{
  "n": 1000,
  "acc": 0.899,
  "macro_f1": 0.8974835228640481,
  "qwk": 0.8786299329858526,
  "macro_auc": 0.9950253333333333,
  "acc_95CI": [
    0.88,
    0.917
  ],
  "macro_f1_95CI": [
    0.8789033281952571,
    0.9153860844836912
  ],
  "qwk_95CI": [
    0.8536353950975906,
    0.9027842108284396
  ],
  "confusion": [
    [
      250,
      0,
      0,
      0
    ],
    [
      15,
      234,
      0,
      1
    ],
    [
      72,
      0,
      169,
      9
    ],
    [
      0,
      2,
      2,
      246
    ]
  ],
  "classification_report": {
    "CNV": {
      "precision": 0.7418397626112759,
      "recall": 1.0,
      "f1-score": 0.8517887563884157,
      "support": 250.0
    },
    "DME": {
      "precision": 0.9915254237288136,
      "recall": 0.936,
      "f1-score": 0.9629629629629629,
      "support": 250.0
    },
    "DRUSEN": {
      "precision": 0.9883040935672515,
      "recall": 0.676,
      "f1-score": 0.8028503562945368,
      "support": 250.0
    },
    "NORMAL": {
      "precision": 0.9609375,
      "recall": 0.984,
      "f1-score": 0.9723320158102767,
      "support": 250.0
    },
    "accuracy": 0.899,
    "macro avg": {
      "precision": 0.9206516949768353,
      "recall": 0.899,
      "f1-score": 0.8974835228640481,
      "support": 1000.0
    },
    "weighted avg": {
      "precision": 0.9206516949768353,
      "recall": 0.899,
      "f1-score": 0.8974835228640482,
      "support": 1000.0
    }
  },
  "label_dist": [
    250,
    250,
    250,
    250
  ],
  "pred_dist": [
    337,
    236,
    171,
    256
  ]
}