{
  "n": 1000,
  "acc": 0.87,
  "macro_f1": 0.8653342354559405,
  "qwk": 0.8461538461538461,
  "macro_auc": 0.9958226666666665,
  "acc_95CI": [
    0.848,
    0.889025
  ],
  "macro_f1_95CI": [
    0.8427971503799331,
    0.8857027554844731
  ],
  "qwk_95CI": [
    0.8171888185749526,
    0.8724439671375971
  ],
  "confusion": [
    [
      250,
      0,
      0,
      0
    ],
    [
      19,
      230,
      0,
      1
    ],
    [
      96,
      0,
      141,
      13
    ],
    [
      0,
      1,
      0,
      249
    ]
  ],
  "classification_report": {
    "CNV": {
      "precision": 0.684931506849315,
      "recall": 1.0,
      "f1-score": 0.8130081300813008,
      "support": 250.0
    },
    "DME": {
      "precision": 0.9956709956709957,
      "recall": 0.92,
      "f1-score": 0.9563409563409564,
      "support": 250.0
    },
    "DRUSEN": {
      "precision": 1.0,
      "recall": 0.564,
      "f1-score": 0.7212276214833759,
      "support": 250.0
    },
    "NORMAL": {
      "precision": 0.9467680608365019,
      "recall": 0.996,
      "f1-score": 0.9707602339181286,
      "support": 250.0
    },
    "accuracy": 0.87,
    "macro avg": {
      "precision": 0.9068426408392032,
      "recall": 0.87,
      "f1-score": 0.8653342354559405,
      "support": 1000.0
    },
    "weighted avg": {
      "precision": 0.9068426408392031,
      "recall": 0.87,
      "f1-score": 0.8653342354559405,
      "support": 1000.0
    }
  },
  "label_dist": [
    250,
    250,
    250,
    250
  ],
  "pred_dist": [
    365,
    231,
    141,
    263
  ]
}