{
  "n": 260,
  "acc": 0.6846153846153846,
  "macro_f1": 0.5290366760954996,
  "qwk": 0.7788309636650869,
  "macro_auc": 0.8406416442255746,
  "acc_95CI": [
    0.6269230769230769,
    0.7461538461538462
  ],
  "qwk_95CI": [
    0.7214612400908753,
    0.8278615102047606
  ],
  "confusion": [
    [
      12,
      43,
      0,
      1
    ],
    [
      9,
      46,
      0,
      4
    ],
    [
      22,
      0,
      5,
      3
    ],
    [
      0,
      0,
      0,
      115
    ]
  ],
  "classification_report": {
    "CNV": {
      "precision": 0.27906976744186046,
      "recall": 0.21428571428571427,
      "f1-score": 0.24242424242424243,
      "support": 56.0
    },
    "DME": {
      "precision": 0.5168539325842697,
      "recall": 0.7796610169491526,
      "f1-score": 0.6216216216216216,
      "support": 59.0
    },
    "DRUSEN": {
      "precision": 1.0,
      "recall": 0.16666666666666666,
      "f1-score": 0.2857142857142857,
      "support": 30.0
    },
    "NORMAL": {
      "precision": 0.9349593495934959,
      "recall": 1.0,
      "f1-score": 0.9663865546218487,
      "support": 115.0
    },
    "accuracy": 0.6846153846153846,
    "macro avg": {
      "precision": 0.6827207624049065,
      "recall": 0.5401533494753834,
      "f1-score": 0.5290366760954996,
      "support": 260.0
    },
    "weighted avg": {
      "precision": 0.7063177469325697,
      "recall": 0.6846153846153846,
      "f1-score": 0.6536819830937478,
      "support": 260.0
    }
  },
  "label_dist": [
    56,
    59,
    30,
    115
  ],
  "pred_dist": [
    43,
    89,
    5,
    123
  ]
}