{
  "n": 260,
  "acc": 0.6923076923076923,
  "macro_f1": 0.5402063027395804,
  "qwk": 0.7795017965033421,
  "macro_auc": 0.7887300233139047,
  "acc_95CI": [
    0.6346153846153846,
    0.75
  ],
  "qwk_95CI": [
    0.7219660839180522,
    0.8288647302373853
  ],
  "confusion": [
    [
      14,
      41,
      0,
      1
    ],
    [
      9,
      46,
      0,
      4
    ],
    [
      23,
      0,
      5,
      2
    ],
    [
      0,
      0,
      0,
      115
    ]
  ],
  "classification_report": {
    "CNV": {
      "precision": 0.30434782608695654,
      "recall": 0.25,
      "f1-score": 0.27450980392156865,
      "support": 56.0
    },
    "DME": {
      "precision": 0.5287356321839081,
      "recall": 0.7796610169491526,
      "f1-score": 0.6301369863013698,
      "support": 59.0
    },
    "DRUSEN": {
      "precision": 1.0,
      "recall": 0.16666666666666666,
      "f1-score": 0.2857142857142857,
      "support": 30.0
    },
    "NORMAL": {
      "precision": 0.9426229508196722,
      "recall": 1.0,
      "f1-score": 0.9704641350210971,
      "support": 115.0
    },
    "accuracy": 0.6923076923076923,
    "macro avg": {
      "precision": 0.6939266022726343,
      "recall": 0.5490819209039548,
      "f1-score": 0.5402063027395804,
      "support": 260.0
    },
    "weighted avg": {
      "precision": 0.7178481534768556,
      "recall": 0.6923076923076923,
      "f1-score": 0.66432859734709,
      "support": 260.0
    }
  },
  "label_dist": [
    56,
    59,
    30,
    115
  ],
  "pred_dist": [
    46,
    87,
    5,
    122
  ]
}