{
  "n": 1000,
  "acc": 0.902,
  "macro_f1": 0.9011351335341624,
  "qwk": 0.8793615441722346,
  "macro_auc": 0.9944026666666667,
  "acc_95CI": [
    0.883,
    0.919
  ],
  "macro_f1_95CI": [
    0.8824886337293663,
    0.91701915607897
  ],
  "qwk_95CI": [
    0.8530973791913774,
    0.9030329328561608
  ],
  "confusion": [
    [
      250,
      0,
      0,
      0
    ],
    [
      17,
      233,
      0,
      0
    ],
    [
      73,
      0,
      170,
      7
    ],
    [
      1,
      0,
      0,
      249
    ]
  ],
  "classification_report": {
    "CNV": {
      "precision": 0.7331378299120235,
      "recall": 1.0,
      "f1-score": 0.8460236886632826,
      "support": 250.0
    },
    "DME": {
      "precision": 1.0,
      "recall": 0.932,
      "f1-score": 0.9648033126293996,
      "support": 250.0
    },
    "DRUSEN": {
      "precision": 1.0,
      "recall": 0.68,
      "f1-score": 0.8095238095238095,
      "support": 250.0
    },
    "NORMAL": {
      "precision": 0.97265625,
      "recall": 0.996,
      "f1-score": 0.9841897233201581,
      "support": 250.0
    },
    "accuracy": 0.902,
    "macro avg": {
      "precision": 0.9264485199780059,
      "recall": 0.902,
      "f1-score": 0.9011351335341624,
      "support": 1000.0
    },
    "weighted avg": {
      "precision": 0.9264485199780058,
      "recall": 0.902,
      "f1-score": 0.9011351335341624,
      "support": 1000.0
    }
  },
  "label_dist": [
    250,
    250,
    250,
    250
  ],
  "pred_dist": [
    341,
    233,
    170,
    256
  ]
}