{
  "n": 1786,
  "acc": 0.3437849944008959,
  "macro_f1": 0.46630715652669663,
  "qwk": 0.2404545082645091,
  "macro_auc": 0.6842742811994343,
  "acc_95CI": [
    0.3219484882418813,
    0.3639417693169093
  ],
  "qwk_95CI": [
    0.2146966103777735,
    0.2617620676986498
  ],
  "confusion": [
    [
      23,
      46,
      1,
      6
    ],
    [
      31,
      104,
      0,
      12
    ],
    [
      1020,
      1,
      158,
      52
    ],
    [
      2,
      0,
      1,
      329
    ]
  ],
  "classification_report": {
    "CNV": {
      "precision": 0.02137546468401487,
      "recall": 0.3026315789473684,
      "f1-score": 0.03993055555555555,
      "support": 76.0
    },
    "DME": {
      "precision": 0.6887417218543046,
      "recall": 0.7074829931972789,
      "f1-score": 0.697986577181208,
      "support": 147.0
    },
    "DRUSEN": {
      "precision": 0.9875,
      "recall": 0.12835093419983754,
      "f1-score": 0.2271746944644141,
      "support": 1231.0
    },
    "NORMAL": {
      "precision": 0.8245614035087719,
      "recall": 0.9909638554216867,
      "f1-score": 0.9001367989056087,
      "support": 332.0
    },
    "accuracy": 0.3437849944008959,
    "macro avg": {
      "precision": 0.6305446475117729,
      "recall": 0.5323573404415429,
      "f1-score": 0.46630715652669663,
      "support": 1786.0
    },
    "weighted avg": {
      "precision": 0.8915097728966853,
      "recall": 0.3437849944008959,
      "f1-score": 0.3830549917078475,
      "support": 1786.0
    }
  },
  "label_dist": [
    76,
    147,
    1231,
    332
  ],
  "pred_dist": [
    1076,
    151,
    160,
    399
  ]
}