{
  "n": 1000,
  "acc": 0.89,
  "macro_f1": 0.8871224584307172,
  "qwk": 0.8592483419307295,
  "macro_auc": 0.9951693333333334,
  "acc_95CI": [
    0.871,
    0.91
  ],
  "macro_f1_95CI": [
    0.8684060416576848,
    0.9070397721483688
  ],
  "qwk_95CI": [
    0.8315653240464704,
    0.8855840142426136
  ],
  "confusion": [
    [
      250,
      0,
      0,
      0
    ],
    [
      12,
      237,
      0,
      1
    ],
    [
      87,
      0,
      155,
      8
    ],
    [
      1,
      0,
      1,
      248
    ]
  ],
  "classification_report": {
    "CNV": {
      "precision": 0.7142857142857143,
      "recall": 1.0,
      "f1-score": 0.8333333333333334,
      "support": 250.0
    },
    "DME": {
      "precision": 1.0,
      "recall": 0.948,
      "f1-score": 0.973305954825462,
      "support": 250.0
    },
    "DRUSEN": {
      "precision": 0.9935897435897436,
      "recall": 0.62,
      "f1-score": 0.7635467980295566,
      "support": 250.0
    },
    "NORMAL": {
      "precision": 0.9649805447470817,
      "recall": 0.992,
      "f1-score": 0.9783037475345168,
      "support": 250.0
    },
    "accuracy": 0.89,
    "macro avg": {
      "precision": 0.918214000655635,
      "recall": 0.89,
      "f1-score": 0.8871224584307172,
      "support": 1000.0
    },
    "weighted avg": {
      "precision": 0.9182140006556349,
      "recall": 0.89,
      "f1-score": 0.8871224584307172,
      "support": 1000.0
    }
  },
  "label_dist": [
    250,
    250,
    250,
    250
  ],
  "pred_dist": [
    350,
    237,
    156,
    257
  ]
}