{
  "n": 260,
  "acc": 0.6923076923076923,
  "macro_f1": 0.5269212744609136,
  "qwk": 0.776419394944053,
  "macro_auc": 0.8096790781391989,
  "acc_95CI": [
    0.6384615384615384,
    0.75
  ],
  "qwk_95CI": [
    0.7219755822614946,
    0.8266240565975703
  ],
  "confusion": [
    [
      9,
      46,
      0,
      1
    ],
    [
      5,
      51,
      0,
      3
    ],
    [
      23,
      0,
      5,
      2
    ],
    [
      0,
      0,
      0,
      115
    ]
  ],
  "classification_report": {
    "CNV": {
      "precision": 0.24324324324324326,
      "recall": 0.16071428571428573,
      "f1-score": 0.1935483870967742,
      "support": 56.0
    },
    "DME": {
      "precision": 0.5257731958762887,
      "recall": 0.864406779661017,
      "f1-score": 0.6538461538461539,
      "support": 59.0
    },
    "DRUSEN": {
      "precision": 1.0,
      "recall": 0.16666666666666666,
      "f1-score": 0.2857142857142857,
      "support": 30.0
    },
    "NORMAL": {
      "precision": 0.9504132231404959,
      "recall": 1.0,
      "f1-score": 0.9745762711864406,
      "support": 115.0
    },
    "accuracy": 0.6923076923076923,
    "macro avg": {
      "precision": 0.679857415565007,
      "recall": 0.5479469330104924,
      "f1-score": 0.5269212744609136,
      "support": 260.0
    },
    "weighted avg": {
      "precision": 0.7074606186133834,
      "recall": 0.6923076923076923,
      "f1-score": 0.6540897404315834,
      "support": 260.0
    }
  },
  "label_dist": [
    56,
    59,
    30,
    115
  ],
  "pred_dist": [
    37,
    97,
    5,
    121
  ]
}