{
  "n_id": 1000,
  "n_ood": 260,
  "auroc_msp_ood": 0.5243461538461538,
  "auroc_entropy_ood": 0.5184384615384615,
  "tpr_at_95tnr_msp": 0.026923076923076925,
  "tpr_at_95tnr_entropy": 0.038461538461538464,
  "id_msp_mean": 0.8818230032920837,
  "id_msp_std": 0.1322512924671173,
  "ood_msp_mean": 0.8863118886947632,
  "ood_msp_std": 0.11994665861129761,
  "id_entropy_mean": 0.320412278175354,
  "id_entropy_std": 0.23189058899879456,
  "ood_entropy_mean": 0.3190118968486786,
  "ood_entropy_std": 0.2091509848833084
}