{
  "n": 1000,
  "acc": 0.617,
  "macro_f1": 0.5378141378894089,
  "qwk": 0.6848387096774193,
  "macro_auc": 0.8757600000000001,
  "acc_95CI": [
    0.5869749999999999,
    0.646
  ],
  "macro_f1_95CI": [
    0.5137820524677047,
    0.5603311299265389
  ],
  "qwk_95CI": [
    0.6443300435100972,
    0.7219276636303079
  ],
  "confusion": [
    [
      238,
      8,
      1,
      3
    ],
    [
      75,
      145,
      1,
      29
    ],
    [
      111,
      28,
      8,
      103
    ],
    [
      15,
      9,
      0,
      226
    ]
  ],
  "classification_report": {
    "CNV": {
      "precision": 0.5421412300683371,
      "recall": 0.952,
      "f1-score": 0.690856313497823,
      "support": 250.0
    },
    "DME": {
      "precision": 0.7631578947368421,
      "recall": 0.58,
      "f1-score": 0.6590909090909091,
      "support": 250.0
    },
    "DRUSEN": {
      "precision": 0.8,
      "recall": 0.032,
      "f1-score": 0.06153846153846154,
      "support": 250.0
    },
    "NORMAL": {
      "precision": 0.6260387811634349,
      "recall": 0.904,
      "f1-score": 0.7397708674304418,
      "support": 250.0
    },
    "accuracy": 0.617,
    "macro avg": {
      "precision": 0.6828344764921535,
      "recall": 0.617,
      "f1-score": 0.5378141378894089,
      "support": 1000.0
    },
    "weighted avg": {
      "precision": 0.6828344764921536,
      "recall": 0.617,
      "f1-score": 0.5378141378894088,
      "support": 1000.0
    }
  },
  "label_dist": [
    250,
    250,
    250,
    250
  ],
  "pred_dist": [
    439,
    190,
    10,
    361
  ]
}