{
  "n": 260,
  "acc": 0.6076923076923076,
  "macro_f1": 0.4335425506836398,
  "qwk": 0.6503412284223204,
  "macro_auc": 0.7125496568680809,
  "acc_95CI": [
    0.5461538461538461,
    0.6653846153846154
  ],
  "qwk_95CI": [
    0.568476652348482,
    0.7221658059646046
  ],
  "confusion": [
    [
      9,
      43,
      0,
      4
    ],
    [
      9,
      39,
      1,
      10
    ],
    [
      23,
      2,
      2,
      3
    ],
    [
      4,
      1,
      2,
      108
    ]
  ],
  "classification_report": {
    "CNV": {
      "precision": 0.2,
      "recall": 0.16071428571428573,
      "f1-score": 0.1782178217821782,
      "support": 56.0
    },
    "DME": {
      "precision": 0.4588235294117647,
      "recall": 0.6610169491525424,
      "f1-score": 0.5416666666666666,
      "support": 59.0
    },
    "DRUSEN": {
      "precision": 0.4,
      "recall": 0.06666666666666667,
      "f1-score": 0.11428571428571428,
      "support": 30.0
    },
    "NORMAL": {
      "precision": 0.864,
      "recall": 0.9391304347826087,
      "f1-score": 0.9,
      "support": 115.0
    },
    "accuracy": 0.6076923076923076,
    "macro avg": {
      "precision": 0.4807058823529412,
      "recall": 0.45688208407902586,
      "f1-score": 0.4335425506836398,
      "support": 260.0
    },
    "weighted avg": {
      "precision": 0.5755022624434389,
      "recall": 0.6076923076923076,
      "f1-score": 0.5725657799296413,
      "support": 260.0
    }
  },
  "label_dist": [
    56,
    59,
    30,
    115
  ],
  "pred_dist": [
    45,
    85,
    5,
    125
  ]
}