{
  "probe": {
    "kermany_test": {
      "n": 1000,
      "acc": 0.43,
      "macro_f1": 0.294813997566062,
      "qwk": 0.49628571428571433,
      "macro_auc": 0.7609413333333334,
      "confusion": [
        [
          196,
          0,
          0,
          54
        ],
        [
          83,
          0,
          0,
          167
        ],
        [
          44,
          0,
          0,
          206
        ],
        [
          16,
          0,
          0,
          234
        ]
      ]
    },
    "octid": {
      "n": 260,
      "acc": 0.47307692307692306,
      "macro_f1": 0.2132362155388471,
      "qwk": 0.19794405928759262,
      "macro_auc": 0.7185580226086227,
      "confusion": [
        [
          8,
          0,
          0,
          48
        ],
        [
          20,
          0,
          0,
          39
        ],
        [
          11,
          0,
          0,
          19
        ],
        [
          0,
          0,
          0,
          115
        ]
      ]
    }
  },
  "mlp": {
    "kermany_test": {
      "n": 1000,
      "acc": 0.434,
      "macro_f1": 0.29767616191904045,
      "qwk": 0.5177142857142858,
      "macro_auc": 0.7920306666666665,
      "confusion": [
        [
          194,
          0,
          0,
          56
        ],
        [
          89,
          0,
          0,
          161
        ],
        [
          37,
          0,
          0,
          213
        ],
        [
          10,
          0,
          0,
          240
        ]
      ]
    },
    "octid": {
      "n": 260,
      "acc": 0.4807692307692308,
      "macro_f1": 0.23073278196229013,
      "qwk": 0.22542204568023827,
      "macro_auc": 0.7541933849449712,
      "confusion": [
        [
          8,
          0,
          0,
          48
        ],
        [
          23,
          2,
          0,
          34
        ],
        [
          9,
          0,
          0,
          21
        ],
        [
          0,
          0,
          0,
          115
        ]
      ]
    }
  }
}