{
  "n_total": 260,
  "well_mapped_classes": [
    "DRUSEN",
    "NORMAL"
  ],
  "poorly_mapped_classes": [
    "CNV",
    "DME"
  ],
  "baseline": {
    "well_mapped": {
      "n": 145,
      "acc": 0.8413793103448276,
      "macro_f1": 0.3435123435123435
    },
    "poor_mapped": {
      "n": 115,
      "acc": 0.48695652173913045,
      "macro_f1": 0.21063867639210104
    },
    "all": {
      "n": 260,
      "acc": 0.6846153846153846,
      "macro_f1": 0.5382705093231409
    }
  },
  "ssm": {
    "well_mapped": {
      "n": 145,
      "acc": 0.8275862068965517,
      "macro_f1": 0.31927339901477836
    },
    "poor_mapped": {
      "n": 115,
      "acc": 0.5217391304347826,
      "macro_f1": 0.22774725274725274
    },
    "all": {
      "n": 260,
      "acc": 0.6923076923076923,
      "macro_f1": 0.5269212744609136
    }
  },
  "delta": {
    "well_mapped": {
      "acc": -0.01379310344827589,
      "macro_f1": -0.02423894449756514
    },
    "poor_mapped": {
      "acc": 0.03478260869565214,
      "macro_f1": 0.0171085763551517
    },
    "all": {
      "acc": 0.007692307692307665,
      "macro_f1": -0.011349234862227275
    }
  }
}